{
  "x": -30852107.515275627,
  "y": -4564930.006319702
}