{
  "dot": [{
    "x": -68743446.24215567,
    "y": 15398534.12761794
  }, {
    "x": -1652334.959064871,
    "y": -78622513.4939818
  }]
}